,keyword,count
0,Abednego,8
1,abideth,7
2,Abram,135
3,adulterers,6
4,Ahab,11
5,AMEN,12
6,Ananias,8
7,apostle,88
8,apostles,77
9,Aren,14
10,ark,57
11,Baal,8
12,Baptism,16
13,Believers,39
14,believeth,23
15,Bethphage,9
16,Bible,6501
17,Boaz,45
18,bridegroom,6
19,Caiaphas,8
20,centurion,16
21,Cephas,12
22,Christ,6328
23,Chron,6
24,Colossians,7
25,conceited,7
26,Cor,12
27,Corinthians,92
28,covetousness,7
29,Deity,28
30,Deliverer,2
31,disciple,126
32,disciples,209
33,disobedient,17
34,dissensions,6
35,Divinity,815
36,doeth,9
37,dwelleth,7
38,Ephesians,39
39,Ephesus,23
40,faith,45560
41,FAITH,27
42,Galatia,7
43,Galatians,24
44,Galilee,138
45,GENESIS,6
46,Gentiles,39
47,God,58835
48,GOD,40
49,godlessness,8
50,godliness,20
51,Godliness,7
52,godly,83
53,Godly,50
54,Habakkuk,9
55,Haman,25
56,Haran,8
57,hast,48
58,Hebrews,55
59,Herod,39
60,Him,712
61,Himself,100
62,holiness,89
63,Idol,133
64,idolatry,26
65,Immortal,30
66,imperishable,9
67,iniquities,15
68,iniquity,31
69,Isa,35
70,Israelites,89
71,Jabez,15
72,Jephthah,6
73,Jesus,5168
74,Jezebel,6
75,Joab,10
76,Judah,120
77,Judas,26
78,KJV,9
79,knoweth,6
80,legalism,15
81,Leprosy,7
82,Levite,8
83,liveth,7
84,Lystra,10
85,Magi,20
86,meekness,13
87,MERCY,8
88,Meshach,12
89,Messiah,176
90,NASB,15
91,Nebuchadnezzar,21
92,Nehemiah,94
93,Obedience,22
94,Olives,9
95,OUR,25
96,parable,97
97,Parable,11
98,parables,17
99,partakers,8
100,Pentecost,27
101,Pharaoh,68
102,Pharisees,31
103,Philippi,22
104,Philippian,8
105,Philippians,63
106,Philistine,7
107,Philistines,22
108,Pilate,40
109,pray,10150
110,prayed,1315
111,prayer,14457
112,praying,2249
113,prophets,205
114,Prophets,13
115,Rahab,11
116,Redeemer,144
117,repentance,110
118,Repentance,11
119,resurrection,228
120,Revelation,80
121,righteousness,556
122,Righteousness,19
123,Rom,21
124,sackcloth,9
125,saith,35
126,salvation,585
127,sanctification,13
128,Sanhedrin,7
129,Satan,392
130,Savior,546
131,Saviour,52
132,scoffers,7
133,seeth,6
134,Sermon,76
135,Shadrach,14
136,sinful,219
137,sinfulness,12
138,sinner,46
139,sinners,96
140,Sodom,30
141,sower,13
142,Sower,9
143,spake,12
144,Swindoll,9
145,tabernacle,17
146,Thessalonians,22
147,unbelief,14
148,unbeliever,6
149,unbelievers,42
150,unbelieving,13
151,undefiled,6
152,unfruitful,9
153,ungodliness,7
154,unrighteous,9
155,unrighteousness,9
156,Verily,8
157,whosoever,40
158,wickedness,51
159,william,12
160,wineskins,6
161,Yourselves,7
162,Zacchaeus,11
163,Zechariah,27
164,Zedekiah,6
